,data,label,id,length
0,dNDijEsNilVxhtEEDVPBNDijEsNilVxhtEEEpooqNpooqdspooqCprprsNNpooqdspooqdBpooqNpooqdspooqDKCprsNNpooqds,1,0,100
1,EEDVPBNDijEsNilVxhtEEEiVsDBEODVPBBJLDDPMBLsNNQQGEHIHDKsNsDBEssVVPDPg-LEDVPBEDMBEODVPBEDVPBENDijEsNil,1,1,100
2,oqdpooqNpooqdspooqprsNNpooqdspooqdpooqNpooqdspooqprsNNpooqdspooqdpooqNpooqdspooqprsNNpooqdspooqdpooqNpooqdspooqprsNNpooqdspooqdpooqNpooqdspooqprsNNpooqdspooqdpooqNpooqdspooqprsNNpooqdspooqdpooqNpooqdspooqprsNNpooqdspooqdpooqNpooqdspooqprsNNpooqdspooqdpooqNpooqdspooqprsNNpooqdspooqdpooqNpooqdspooqprsNNpooqdspooqdpooqNpooqdspooqprsNNpooqdspooqdpooqNpooqdspooqprsNNpooqdspooqdpooqNpooqdspooqprsNNpooqdspooqdpooqNpooqdspooqprsNNpooqdspooqdpooqNpooqdspooqprsNNpooqdspooqdpooqNpooqdspooqprsNNpooqdspooqdpooqNpooqdspooqprsNNpooqdspooqdpooqNpooqdspooqprsNNpooqdspooqdpooqNpooqdspooqprsNNpooqdspooqdpooqNpooqdspooqprsNNpooqdspooqdpooqNpooqdspooqprsNNpooqdspooqdpooqNpooqdspooqprsNNpooqdspooqdpooqNpooqdspooqprsNNpooqdspooqdpooqNpooqdspooqprsNNpooqdspooqdpooqNpooqdspooqprsNNpooqdspooqdpooqNpooqdspooqprsNNpooqdspooqdpooqNpooqdspooqprsNNpooqdspooqdpooqNpooqdspooqprsNNpooqdspooqdpooqNpooqdspooqprsNNpooqdspooqdpooqNpooqdspooqprsNNpooqdspooqdpooqNpooqdspooqprsNNpooqdspooqdpooqNpooqdspooqprsNNpooqdspooqdpooqN,0,2,1000
3,qdpooqNpooqdspooqprsNNpooqdspooqdpooqNpooqdspooqprsNNpooqdspooqdpooqNpooqdspooqprsNNpooqdspooqdpooqNpooqdspooqprsNNpooqdspooqdpooqNpooqdspooqprsNNpooqdspooqdpooqNpooqdspooqprsNNpooqdspooqdpooqNpooqdspooqprsNNpooqdspooqdpooqNpooqdspooqprsNNpooqdspooqdpooqNpooqdspooqprsNNpooqdspooqdpooqNpooqdspooqprsNNpooqdspooqdpooqNpooqdspooqprsNNpooqdspooqdpooqNpooqdspooqprsNNpooqdspooqdpooqNpooqdspooqprsNNpooqdspooqdpooqNpooqdspooqprsNNpooqdspooqdpooqNpooqdspooqprsNNpooqdspooqdpooqNpooqdspooqprsNNpooqdspooqdpooqNpooqdspooqprsNNpooqdspooqdpooqNpooqdspooqprsNNpooqdspooqdpooqNpooqdspooqprsNNpooqdspooqdpooqNpooqdspooqprsNNpooqdspooqdpooqNpooqdspooqprsNNpooqdspooqdpooqNpooqdspooqCprsNNpooqdspooqdpooqNpooqdspooqprsNNpooqdspooqdpooqNpooqdspooqprsNNpooqdspooqdpooqNpooqdspooqprsNNpooqdspooqdpooqNpooqdspooqprsNNpooqdspooqdpooqNpooqdspooqprsNNpooqdspooqdpooqNpooqdspooqprsNNpooqdspooqdpooqNpooqdspooqprsNNpooqdspooqdpooqNpooqdspooqprsNNpooqdspooqdpooqNpooqdspooqprsNNpooqdspooqdpooqNpooqdspooqprsNNpooqdspooqdpooqN,0,3,1000
4,qprsNNpooqdspooqdpooqNpooqdspooqprsNNpooqdspooqdpooqNpooqdspooqprsNNpooqdspooqdpooqNpooqdspooqprsNNpooqdspooqdpooqNpooqdspooqprsNNpooqdspooqdpooqNpooqdspooqprsNNpooqdspooqdpooqNpooqdspooqprsNNpooqdspooqdpooqNpooqdspooqprsNNpooqdspooqdpooqNpooqdspooqprsNNpooqdspooqdpooqNpooqdspooqprsNNpooqdspooqdpooqNpooqdspooqprsNNpooqdspooqdpooqNpooqdspooqprsNNpooqdspooqdpooqNpooqdspooqprsNNpooqdspooqdBpooqNpooqdspooqprsNNpooqdspooqdpooqNpooqdspooqprsNNpooqdspooqdpooqNpooqdspooqprsNNpooqdspooqdpooqNpooqdspooqprsNNpooqdspooqdpooqNpooqdspooqprsNNpooqdspooqdpooqNpooqdspooqprsNNpooqdspooqdpooqNpooqdspooqprsNNpooqdspooqdpooqNpooqdspooqprsNNpooqdspooqdpooqNpooqdspooqprsNNpooqdspooqdpooqNpooqdspooqprsNNpooqdspooqdpooqNpooqdspooqprsNNpooqdspooqdpooqNpooqdspooqprsNNpooqdspooqdpooqNpooqdspooqprsNNpooqdspooqdpooqNpooqdspooqprsNNpooqdspooqdpooqNpooqdspooqprsNNpooqdspooqdpooqNpooqdspooqprsNNpooqdspooqdpooqNpooqdspooqprsNNpooqdspooqdpooqNpooqdspooqprsNNpooqdspooqdpooqNpooqdspooqprsNNpooqdspooqdpooqNpooqdspooqprsNNp,0,4,1000
5,oqNpooqdspooqBEBEDKVPBVPBCEigsNxsNxDVPVCCsNxCNDijEsNilVxhtEELOUOprsNNpooqdspooqdNDijEsNilVxhtEEDVPBN,1,5,100
6,prsNNpooqdspooqdNDijEsNilVxhtEEDVPBNDijEsNilVxhtEEEpooqNpooqdspooqMVPBBCCEKEEEECEE,1,6,82
7,NilVxhtEEEiVsDBEODVPBBJLDDPMBLsNNQQGEHIHDKsNsDBEssVVPDPg-LEDVPBEDMBEDVPBEOVPVCigsNxCsNxCsNxOUCsNxCDK,1,7,100
8,ODVPBEDVPBENDijEsNilVxhtEEDVPBELDVPBprsNNpooqdspooqdNDijEsNilVxhtEEDVPBNDijEsNilVxhtEEEpooqNpooqdspo,1,8,100
9,iNlVxfhtEEDVPBNDijEsNilVxhtEEEiVsDBEODVPBBJLDDPMBLsNNQQGEHIHDKsNsDBEssVVPDPg-LEDVPBEDMBEDVPBEOVPVCig,1,9,100
10,ooqprprsNNpooqdspooqdNDijEsNilVxhtEEDVPBNDijEsNilVxhtEEEpooqNpooqdspooqCprprsNNpooqdspooqdBpooqNpooq,1,10,100
11,dspooqprsNNpooqdspooqdpooqNpooqdspooqprsNNpooqdspooqdpooqNpooqdspooqprsNNpooqdspooqdpooqNpooqdspooqprsNNpooqdspooqdpooqNpooqdspooqprsNNpooqdspooqdpooqNpooqdspooqprsNNpooqdspooqdpooqNpooqdspooqprsNNpooqdspooqdpooqNpooqdspooqprsNNpooqdspooqdpooqNpooqdspooqprsNNpooqdspooqdpooqNpooqdspooqprsNNpooqdspooqdpooqNpooqdspooqprsNNpooqdspooqdpooqNpooqdspooqprsNNpooqdspooqdBpooqNpooqdspooqprsNNpooqdspooqdpooqNpooqdspooqprsNNpooqdspooqdpooqNpooqdspooqprsNNpooqdspooqdpooqNpooqdspooqprsNNpooqdspooqdpooqNpooqdspooqprsNNpooqdspooqdpooqNpooqdspooqprsNNpooqdspooqdpooqNpooqdspooqprsNNpooqdspooqdpooqNpooqdspooqprsNNpooqdspooqdpooqNpooqdspooqprsNNpooqdspooqdpooqNpooqdspooqprsNNpooqdspooqdpooqNpooqdspooqprsNNpooqdspooqdpooqNpooqdspooqprsNNpooqdspooqdpooqNpooqdspooqprsNNpooqdspooqdpooqNpooqdspooqprsNNpooqdspooqdpooqNpooqdspooqprsNNpooqdspooqdpooqNpooqdspooqprsNNpooqdspooqdpooqNpooqdspooqprsNNpooqdspooqdpooqNpooqdspooqprsNNpooqdspooqdpooqNpooqdspooqprsNNpooqdspooqdpooqNpooqdspooqprsNNpooqdspooqdpooqNpooqdspooqp,0,11,1000
12,BEDMBEODVPBEDVPBEprsNNpooqdspooqdNDijEsNilVxhtEEDVPBNDijEsNilVxhtEEEpooqNpooqdspooqNDijEsNilVxhtEEDV,1,12,100
13,qdspooqprsNNpooqdspooqdpooqNpooqdspooqprsNNpooqdspooqdpooqNpooqdspooqprsNNpooqdspooqdpooqNpooqdspooqprsNNpooqdspooqdpooqNpooqdspooqprsNNpooqdspooqdpooqNpooqdspooqprsNNpooqdspooqdpooqNpooqdspooqprsNNpooqdspooqdpooqNpooqdspooqprsNNpooqdspooqdpooqNpooqdspooqprsNNpooqdspooqdpooqNpooqdspooqprsNNpooqdspooqdpooqNpooqdspooqprsNNpooqdspooqdpooqNpooqdspooqprsNNpooqdspooqdpooqNpooqdspooqprsNNpooqdspooqdpooqNpooqdspooqprsNNpooqdspooqdpooqNpooqdspooqprsNNpooqdspooqdpooqNpooqdspooqprsNNpooqdspooqdpooqNpooqdspooqprsNNpooqdspooqdpooqNpooqdspooqprsNNpooqdspooqdpooqNpooqdspooqprsNNpooqdspooqdpooqNpooqdspooqprsNNpooqdspooqdpooqNpooqdspooqprsNNpooqdspooqdpooqNpooqdspooqprsNNpooqdspooqdpooqNpooqdspooqprsNNpooqdspooqdpooqNpooqdspooqprsNNpooqdspooqdpooqNpooqdspooqprsNNpooqdspooqdpooqNpooqdspooqprsNNpooqdspooqdpooqNpooqdspooqprsNNpooqdspooqdpooqNpooqdspooqprsNNpooqdspooqdpooqNpooqdspooqprsNNpooqdspooqdpooqNpooqdspooqprsNNpooqdspooqdpooqNpooqdspooqprsNNpooqdspooqdpooqNpooqdspooqprsNNpooqdspooqdpooqNpooqdspooqp,0,13,1000
14,oqdpooqNpooqdspooqprsNNpooqdspooqdpooqNpooqdspooqprsNNpooqdspooqdpooqNpooqdspooqprsNNpooqdspooqdpooqNpooqdspooqprsNNpooqdspooqdpooqNpooqdspooqprsNNpooqdspooqdpooqNpooqdspooqprsNNpooqdspooqdpooqNpooqdspooqprsNNpooqdspooqdpooqNpooqdspooqprsNNpooqdspooqdpooqNpooqdspooqprsNNpooqdspooqdpooqNpooqdspooqprsNNpooqdspooqdpooqNpooqdspooqprsNNpooqdspooqdpooqNpooqdspooqprsNNpooqdspooqdpooqNpooqdspooqprsNNpooqdspooqdpooqNpooqdspooqprsNNpooqdspooqdpooqNpooqdspooqprsNNpooqdspooqdpooqNpooqdspooqprsNNpooqdspooqdpooqNpooqdspooqprsNNpooqdspooqdpooqNpooqdspooqprsNNpooqdspooqdpooqNpooqdspooqprsNNpooqdspooqdpooqNpooqdspooqprsNNpooqdspooqdpooqNpooqdspooqprsNNpooqdspooqdBpooqNpooqdspooqprsNNpooqdspooqdpooqNpooqdspooqprsNNpooqdspooqdpooqNpooqdspooqprsNNpooqdspooqdpooqNpooqdspooqprsNNpooqdspooqdpooqNpooqdspooqprsNNpooqdspooqdpooqNpooqdspooqprsNNpooqdspooqdpooqNpooqdspooqprsNNpooqdspooqdpooqNpooqdspooqprsNNpooqdspooqdpooqNpooqdspooqprsNNpooqdspooqdpooqNpooqdspooqprsNNpooqdspooqdpooqNpooqdspooqprsNNpooqdspooqdpooq,0,14,1000
15,PBVPBCEigsNxsNxDVPVCCsNxCNDijEsNilVxhtEELOLprsNNpooqdspooqdNDijEsNilVxhtEEDVPBNDijEsNilVxhtEEEpooqNp,1,15,100
16,pooqdspooqprsNNpooqdspooqdpooqNpooqdspooqprsNNpooqdspooqdpooqNpooqdspooqprsNNpooqdspooqdpooqNpooqdspooqprsNNpooqdspooqdpooqNpooqdspooqprsNNpooqdspooqdpooqNpooqdspooqprsNNpooqdspooqdpooqNpooqdspooqprsNNpooqdspooqdpooqNpooqdspooqprsNNpooqdspooqdpooqNpooqdspooqprsNNpooqdspooqdBpooqNpooqdspooqprsNNpooqdspooqdpooqNpooqdspooqprsNNpooqdspooqdpooqNpooqdspooqprsNNpooqdspooqdpooqNpooqdspooqprsNNpooqdspooqdpooqNpooqdspooqprsNNpooqdspooqdpooqNpooqdspooqprsNNpooqdspooqdpooqNpooqdspooqprsNNpooqdspooqdpooqNpooqdspooqprsNNpooqdspooqdpooqNpooqdspooqprsNNpooqdspooqdpooqNpooqdspooqprsNNpooqdspooqdpooqNpooqdspooqprsNNpooqdspooqdpooqNpooqdspooqprsNNpooqdspooqdpooqNpooqdspooqprsNNpooqdspooqdpooqNpooqdspooqprsNNpooqdspooqdpooqNpooqdspooqprsNNpooqdspooqdpooqNpooqdspooqprsNNpooqdspooqdpooqNpooqdspooqprsNNpooqdspooqdpooqNpooqdspooqprsNNpooqdspooqdpooqNpooqdspooqprsNNpooqdspooqdpooqNpooqdspooqprsNNpooqdspooqdpooqNpooqdspooqprsNNpooqdspooqdpooqNpooqdspooqprsNNpooqdspooqdpooqNpooqdspooqprsNNpooqdspooqdpooqNpooqdsp,0,16,1000
17,NpooqpooqpooqEDDEESSDRDVDMBMBMBEMBApooqsNNpooqdspooqdimmlnpooqigsNxFFMBkEEEEE,1,17,77
18,EEEEEEEEEEEEEEEEEEEEEEDYpooqpooqpooqpooqpooqpooqXNzezNDijEsNiNlVxfhtEEDVPBNDijEsNilVxhtEEEiVsDBEDVPB,1,18,100
19,pooqdspooqprsNNpooqdspooqdpooqNpooqdspooqprsNNpooqdspooqdpooqNpooqdspooqprsNNpooqdspooqdpooqNpooqdspooqprsNNpooqdspooqdpooqNpooqdspooqprsNNpooqdspooqdpooqNpooqdspooqprsNNpooqdspooqdpooqNpooqdspooqprsNNpooqdspooqdpooqNpooqdspooqprsNNpooqdspooqdpooqNpooqdspooqprsNNpooqdspooqdpooqNpooqdspooqprsNNpooqdspooqdpooqNpooqdspooqprsNNpooqdspooqdpooqNpooqdspooqprsNNpooqdspooqdpooqNpooqdspooqprsNNpooqdspooqdpooqNpooqdspooqprsNNpooqdspooqdpooqNpooqdspooqprsNNpooqdspooqdpooqNpooqdspooqprsNNpooqdspooqdpooqNpooqdspooqprsNNpooqdspooqdpooqNpooqdspooqprsNNpooqdspooqdpooqNpooqdspooqprsNNpooqdspooqdpooqNpooqdspooqprsNNpooqdspooqdpooqNpooqdspooqprsNNpooqdspooqdpooqNpooqdspooqprsNNpooqdspooqdBpooqNpooqdspooqprsNNpooqdspooqdpooqNpooqdspooqprsNNpooqdspooqdpooqNpooqdspooqprsNNpooqdspooqdpooqNpooqdspooqprsNNpooqdspooqdpooqNpooqdspooqprsNNpooqdspooqdpooqNpooqdspooqprsNNpooqdspooqdpooqNpooqdspooqprsNNpooqdspooqdpooqNpooqdspooqprsNNpooqdspooqdpooqNpooqdspooqprsNNpooqdspooqdpooqNpooqdspooqprsNNpooqdspooqdpooqNpooqdsp,0,19,1000
20,NilVxhtEEEiVsDBEODVPBBJLDDPMBLsNNQQGEHIHDKsNsDBEssVVPDPg-LEDVPBEDMBEDVPBEOVPVCigsNxCsNxCsNxOUCsNxCDK,1,20,100
21,ODVPBEDVPBENDijEsNilVxhtEEDVPBELDVPBprsNNpooqdspooqdNDijEsNilVxhtEEDVPBNDijEsNilVxhtEEEpooqNpooqdspo,1,21,100
22,EEiVsDBEODVPBBJLDDPMBLsNNQQGEHIHDKsNsDBEssVVPDPg-LEDVPBEDMBEDVPBEODVPBENDijEsNilVxhtEEDVPBELDVPBprsN,1,22,100
23,DBaaDyaEOUDPaEDBaaEDBaaEEfEEEEEEEEEEEEEEEEEEEEEEEEEEEEEEEEEEEEEEEEEEEEEEEEEEEEEEEEEEEEEDYzDVPBEpooqpooqpooqpooqpooqpooqXNzeNDijEsNiNlVxfhtEEDVPBNDijEsNilVxhtEEEiVsDBEDVPBBBWDVPBBEJsAEEEEDBaaDyaEOUDPaEDBaaEDBaaEEfEEEEEEEEEEEEEEEEEEEEEEEEEEEEEEEEEEEEEEEEEEEEEEEEEEEEEEEEEEEEEDYzDVPBEpooqpooqpooqpooqpooqpooqXNzeNDijEsNiNlVxfhtEEDVPBNDijEsNilVxhtEEEiVsDBEDVPBBBWDVPBBEJsAEEEE,0,23,372
24,CsNxCNDijEsNilVxhtEELOLprsNNpooqdspooqdNDijEsNilVxhtEEDVPBNDijEsNilVxhtEEEpooqNpooqdspooqpooqAFCssNx,1,24,100
25,pooqdspooqdpooqNpooqdspooqprsNNpooqdspooqdpooqNpooqdspooqprsNNpooqdspooqdpooqNpooqdspooqprsNNpooqdspooqdpooqNpooqdspooqprsNNpooqdspooqdpooqNpooqdspooqprsNNpooqdspooqdpooqNpooqdspooqprsNNpooqdspooqdpooqNpooqdspooqprsNNpooqdspooqdpooqNpooqdspooqprsNNpooqdspooqdpooqNpooqdspooqprsNNpooqdspooqdpooqNpooqdspooqprsNNpooqdspooqdpooqNpooqdspooqprsNNpooqdspooqdpooqNpooqdspooqprsNNpooqdspooqdpooqNpooqdspooqprsNNpooqdspooqdpooqNpooqdspooqprsNNpooqdspooqdpooqNpooqdspooqprsNNpooqdspooqdpooqNpooqdspooqprsNNpooqdspooqdpooqNpooqdspooqprsNNpooqdspooqdpooqNpooqdspooqprsNNpooqdspooqdpooqNpooqdspooqprsNNpooqdspooqdpooqNpooqdspooqprsNNpooqdspooqdpooqNpooqdspooqprsNNpooqdspooqdpooqNpooqdspooqprsNNpooqdspooqdpooqNpooqdspooqprsNNpooqdspooqdpooqNpooqdspooqprsNNpooqdspooqdpooqNpooqdspooqprsNNpooqdspooqdpooqNpooqdspooqprsNNpooqdspooqdpooqNpooqdspooqprsNNpooqdspooqdpooqNpooqdspooqprsNNpooqdspooqdpooqNpooqdspooqprsNNpooqdspooqdpooqNpooqdspooqprsNNpooqdspooqdpooqNpooqdspooqprsNNpooqdspooqdpooqNpooqdspooqprsNNpooqdspo,0,25,1000
26,qNpooqdspooqprsNNpooqdspooqdpooqNpooqdspooqprsNNpooqdspooqdpooqNpooqdspooqprsNNpooqdspooqdpooqNpooqdspooqprsNNpooqdspooqdpooqNpooqdspooqprsNNpooqdspooqdpooqNpooqdspooqprsNNpooqdspooqdpooqNpooqdspooqprsNNpooqdspooqdpooqNpooqdspooqprsNNpooqdspooqdpooqNpooqdspooqprsNNpooqdspooqdpooqNpooqdspooqprsNNpooqdspooqdpooqNpooqdspooqprsNNpooqdspooqdBpooqNpooqdspooqprsNNpooqdspooqdpooqNpooqdspooqprsNNpooqdspooqdpooqNpooqdspooqprsNNpooqdspooqdpooqNpooqdspooqprsNNpooqdspooqdpooqNpooqdspooqprsNNpooqdspooqdpooqNpooqdspooqprsNNpooqdspooqdpooqNpooqdspooqprsNNpooqdspooqdpooqNpooqdspooqprsNNpooqdspooqdpooqNpooqdspooqprsNNpooqdspooqdpooqNpooqdspooqprsNNpooqdspooqdpooqNpooqdspooqprsNNpooqdspooqdpooqNpooqdspooqprsNNpooqdspooqdpooqNpooqdspooqprsNNpooqdspooqdpooqNpooqdspooqprsNNpooqdspooqdpooqNpooqdspooqprsNNpooqdspooqdpooqNpooqdspooqprsNNpooqdspooqdpooqNpooqdspooqprsNNpooqdspooqdpooqNpooqdspooqprsNNpooqdspooqdpooqNpooqdspooqprsNNpooqdspooqdpooqNpooqdspooqprsNNpooqdspooqdpooqNpooqdspooqprsNNpooqdspooqdpooqNpooqd,0,26,1000
27,pooqpooqXNzezNDijEsNiNlVxfhtEEDVPBNDijEsNilVxhtEEEiVsDBEODVPBBJLDDPMBLsNNQQGEHIHDKsNsDBEssVVPDPg-LED,1,27,100
28,pooqpooqpooqEDEESSTpooqZEVPMVPBCCBCCBCCBCCBCCBCCBCBCEFFssNxIIEIIEsDEEEEEpooqpooqpooqEDEESSTpooqZEVPMVPBCCBCCBCCBCCBCCBCCBCBCEFFssNxIIEIIEsDEEEEE,0,28,144
29,oqprsNNpooqdspooqdpooqNpooqdspooqprsNNpooqdspooqdpooqNpooqdspooqprsNNpooqdspooqdpooqNpooqdspooqprsNNpooqdspooqdpooqNpooqdspooqprsNNpooqdspooqdpooqNpooqdspooqprsNNpooqdspooqdpooqNpooqdspooqprsNNpooqdspooqdpooqNpooqdspooqprsNNpooqdspooqdpooqNpooqdspooqprsNNpooqdspooqdpooqNpooqdspooqprsNNpooqdspooqdpooqNpooqdspooqprsNNpooqdspooqdpooqNpooqdspooqprsNNpooqdspooqdpooqNpooqdspooqprsNNpooqdspooqdpooqNpooqdspooqprsNNpooqdspooqdpooqNpooqdspooqprsNNpooqdspooqdpooqNpooqdspooqprsNNpooqdspooqdpooqNpooqdspooqprsNNpooqdspooqdpooqNpooqdspooqCprsNNpooqdspooqdpooqNpooqdspooqprsNNpooqdspooqdpooqNpooqdspooqprsNNpooqdspooqdpooqNpooqdspooqprsNNpooqdspooqdpooqNpooqdspooqprsNNpooqdspooqdpooqNpooqdspooqprsNNpooqdspooqdpooqNpooqdspooqprsNNpooqdspooqdpooqNpooqdspooqprsNNpooqdspooqdpooqNpooqdspooqprsNNpooqdspooqdpooqNpooqdspooqprsNNpooqdspooqdBpooqNpooqdspooqprsNNpooqdspooqdpooqNpooqdspooqprsNNpooqdspooqdpooqNpooqdspooqprsNNpooqdspooqdpooqNpooqdspooqprsNNpooqdspooqdpooqNpooqdspooqprsNNpooqdspooqdpooqNpooqdspooqprsN,0,29,1000
30,pooqdspooqdpooqNpooqdspooqprsNNpooqdspooqdpooqNpooqdspooqprsNNpooqdspooqdpooqNpooqdspooqprsNNpooqdspooqdpooqNpooqdspooqprsNNpooqdspooqdpooqNpooqdspooqprsNNpooqdspooqdpooqNpooqdspooqprsNNpooqdspooqdpooqNpooqdspooqprsNNpooqdspooqdpooqNpooqdspooqprsNNpooqdspooqdpooqNpooqdspooqprsNNpooqdspooqdpooqNpooqdspooqprsNNpooqdspooqdpooqNpooqdspooqprsNNpooqdspooqdpooqNpooqdspooqprsNNpooqdspooqdpooqNpooqdspooqprsNNpooqdspooqdpooqNpooqdspooqprsNNpooqdspooqdpooqNpooqdspooqprsNNpooqdspooqdpooqNpooqdspooqprsNNpooqdspooqdpooqNpooqdspooqprsNNpooqdspooqdpooqNpooqdspooqprsNNpooqdspooqdpooqNpooqdspooqprsNNpooqdspooqdpooqNpooqdspooqprsNNpooqdspooqdpooqNpooqdspooqprsNNpooqdspooqdpooqNpooqdspooqprsNNpooqdspooqdpooqNpooqdspooqprsNNpooqdspooqdpooqNpooqdspooqprsNNpooqdspooqdpooqNpooqdspooqprsNNpooqdspooqdpooqNpooqdspooqprsNNpooqdspooqdpooqNpooqdspooqprsNNpooqdspooqdpooqNpooqdspooqprsNNpooqdspooqdpooqNpooqdspooqprsNNpooqdspooqdpooqNpooqdspooqprsNNpooqdspooqdpooqNpooqdspooqprsNNpooqdspooqdpooqNpooqdspooqprsNNpooqdspo,0,30,1000
31,EEDYpooqpooqpooqpooqpooqpooqXNzezNDijEsNiNlVxfhtEEDVPBNDijEsNilVxhtEEEiVsDBEDVPBBJsAEEEE,1,31,88
32,ooqprprsNNpooqdspooqdNDijEsNilVxhtEEDVPBNDijEsNilVxhtEEEpooqNpooqdspooqCprprsNNpooqdspooqdBpooqNpooq,1,32,100
33,rsNNpooqdspooqdpooqNpooqdspooqprsNNpooqdspooqdpooqNpooqdspooqprsNNpooqdspooqdpooqNpooqdspooqprsNNpooqdspooqdpooqNpooqdspooqprsNNpooqdspooqdpooqNpooqdspooqprsNNpooqdspooqdpooqNpooqdspooqprsNNpooqdspooqdpooqNpooqdspooqprsNNpooqdspooqdpooqNpooqdspooqprsNNpooqdspooqdpooqNpooqdspooqprsNNpooqdspooqdpooqNpooqdspooqprsNNpooqdspooqdpooqNpooqdspooqprsNNpooqdspooqdpooqNpooqdspooqprsNNpooqdspooqdpooqNpooqdspooqprsNNpooqdspooqdpooqNpooqdspooqprsNNpooqdspooqdpooqNpooqdspooqprsNNpooqdspooqdpooqNpooqdspooqprsNNpooqdspooqdpooqNpooqdspooqprsNNpooqdspooqdpooqNpooqdspooqprsNNpooqdspooqdpooqNpooqdspooqprsNNpooqdspooqdpooqNpooqdspooqprsNNpooqdspooqdpooqNpooqdspooqprsNNpooqdspooqdpooqNpooqdspooqprsNNpooqdspooqdpooqNpooqdspooqprsNNpooqdspooqdpooqNpooqdspooqprsNNpooqdspooqdpooqNpooqdspooqprsNNpooqdspooqdpooqNpooqdspooqprsNNpooqdspooqdpooqNpooqdspooqprsNNpooqdspooqdpooqNpooqdspooqprsNNpooqdspooqdpooqNpooqdspooqprsNNpooqdspooqdpooqNpooqdspooqprsNNpooqdspooqdpooqNpooqdspooqprsNNpooqdspooqdpooqNpooqdspooqprsNNpooq,0,33,1000
34,pooqdspooqprsNNpooqdspooqdpooqNpooqdspooqprsNNpooqdspooqdpooqNpooqdspooqprsNNpooqdspooqdpooqNpooqdspooqprsNNpooqdspooqdpooqNpooqdspooqprsNNpooqdspooqdpooqNpooqdspooqprsNNpooqdspooqdpooqNpooqdspooqprsNNpooqdspooqdpooqNpooqdspooqprsNNpooqdspooqdpooqNpooqdspooqprsNNpooqdspooqdBpooqNpooqdspooqprsNNpooqdspooqdpooqNpooqdspooqprsNNpooqdspooqdpooqNpooqdspooqprsNNpooqdspooqdpooqNpooqdspooqprsNNpooqdspooqdpooqNpooqdspooqprsNNpooqdspooqdpooqNpooqdspooqprsNNpooqdspooqdpooqNpooqdspooqprsNNpooqdspooqdpooqNpooqdspooqprsNNpooqdspooqdpooqNpooqdspooqprsNNpooqdspooqdpooqNpooqdspooqprsNNpooqdspooqdpooqNpooqdspooqprsNNpooqdspooqdpooqNpooqdspooqprsNNpooqdspooqdpooqNpooqdspooqprsNNpooqdspooqdpooqNpooqdspooqprsNNpooqdspooqdpooqNpooqdspooqprsNNpooqdspooqdpooqNpooqdspooqprsNNpooqdspooqdpooqNpooqdspooqprsNNpooqdspooqdpooqNpooqdspooqprsNNpooqdspooqdpooqNpooqdspooqprsNNpooqdspooqdpooqNpooqdspooqprsNNpooqdspooqdpooqNpooqdspooqprsNNpooqdspooqdpooqNpooqdspooqprsNNpooqdspooqdpooqNpooqdspooqprsNNpooqdspooqdpooqNpooqdsp,0,34,1000
35,ooqdspooqprsNNpooqdspooqdpooqNpooqdspooqprsNNpooqdspooqdpooqNpooqdspooqprsNNpooqdspooqdpooqNpooqdspooqprsNNpooqdspooqdpooqNpooqdspooqprsNNpooqdspooqdpooqNpooqdspooqprsNNpooqdspooqdpooqNpooqdspooqprsNNpooqdspooqdpooqNpooqdspooqprsNNpooqdspooqdpooqNpooqdspooqprsNNpooqdspooqdpooqNpooqdspooqprsNNpooqdspooqdpooqNpooqdspooqprsNNpooqdspooqdpooqNpooqdspooqprsNNpooqdspooqdpooqNpooqdspooqprsNNpooqdspooqdpooqNpooqdspooqprsNNpooqdspooqdpooqNpooqdspooqprsNNpooqdspooqdpooqNpooqdspooqprsNNpooqdspooqdpooqNpooqdspooqprsNNpooqdspooqdpooqNpooqdspooqprsNNpooqdspooqdpooqNpooqdspooqprsNNpooqdspooqdpooqNpooqdspooqprsNNpooqdspooqdpooqNpooqdspooqprsNNpooqdspooqdpooqNpooqdspooqprsNNpooqdspooqdpooqNpooqdspooqprsNNpooqdspooqdpooqNpooqdspooqprsNNpooqdspooqdpooqNpooqdspooqprsNNpooqdspooqdpooqNpooqdspooqprsNNpooqdspooqdpooqNpooqdspooqprsNNpooqdspooqdpooqNpooqdspooqprsNNpooqdspooqdpooqNpooqdspooqprsNNpooqdspooqdpooqNpooqdspooqprsNNpooqdspooqdpooqNpooqdspooqprsNNpooqdspooqdpooqNpooqdspooqprsNNpooqdspooqdpooqNpooqdspoo,0,35,1000
36,VPBVPBCEsNxsNxDCCsNxsCNQQGEHIHDKCsNxCCsNxDMVPprsNNpooqdspooqdNDijEsNilVxhtEEDVPBNDijEsNilVxhtEEEpooq,1,36,100
37,dspooqdpooqNpooqdspooqprsNNpooqdspooqdpooqNpooqdspooqprsNNpooqdspooqdpooqNpooqdspooqprsNNpooqdspooqdpooqNpooqdspooqprsNNpooqdspooqdpooqNpooqdspooqprsNNpooqdspooqdpooqNpooqdspooqprsNNpooqdspooqdpooqNpooqdspooqprsNNpooqdspooqdpooqNpooqdspooqprsNNpooqdspooqdpooqNpooqdspooqprsNNpooqdspooqdpooqNpooqdspooqprsNNpooqdspooqdpooqNpooqdspooqprsNNpooqdspooqdBpooqNpooqdspooqprsNNpooqdspooqdpooqNpooqdspooqprsNNpooqdspooqdpooqNpooqdspooqprsNNpooqdspooqdpooqNpooqdspooqprsNNpooqdspooqdpooqNpooqdspooqprsNNpooqdspooqdpooqNpooqdspooqprsNNpooqdspooqdpooqNpooqdspooqprsNNpooqdspooqdpooqNpooqdspooqprsNNpooqdspooqdpooqNpooqdspooqprsNNpooqdspooqdpooqNpooqdspooqprsNNpooqdspooqdpooqNpooqdspooqprsNNpooqdspooqdpooqNpooqdspooqprsNNpooqdspooqdpooqNpooqdspooqprsNNpooqdspooqdpooqNpooqdspooqprsNNpooqdspooqdpooqNpooqdspooqprsNNpooqdspooqdpooqNpooqdspooqprsNNpooqdspooqdpooqNpooqdspooqprsNNpooqdspooqdpooqNpooqdspooqprsNNpooqdspooqdpooqNpooqdspooqprsNNpooqdspooqdpooqNpooqdspooqprsNNpooqdspooqdpooqNpooqdspooqprsNNpooqdspooqd,0,37,1000
38,NNpooqdspooqdpooqNpooqdspooqprsNNpooqdspooqdpooqNpooqdspooqprsNNpooqdspooqdpooqNpooqdspooqCprsNNpooqdspooqdpooqNpooqdspooqprsNNpooqdspooqdpooqNpooqdspooqprsNNpooqdspooqdpooqNpooqdspooqprsNNpooqdspooqdpooqNpooqdspooqprsNNpooqdspooqdpooqNpooqdspooqprsNNpooqdspooqdpooqNpooqdspooqprsNNpooqdspooqdpooqNpooqdspooqprsNNpooqdspooqdpooqNpooqdspooqprsNNpooqdspooqdpooqNpooqdspooqprsNNpooqdspooqdpooqNpooqdspooqprsNNpooqdspooqdpooqNpooqdspooqprsNNpooqdspooqdpooqNpooqdspooqprsNNpooqdspooqdpooqNpooqdspooqprsNNpooqdspooqdpooqNpooqdspooqprsNNpooqdspooqdpooqNpooqdspooqprsNNpooqdspooqdpooqNpooqdspooqprsNNpooqdspooqdpooqNpooqdspooqprsNNpooqdspooqdpooqNpooqdspooqprsNNpooqdspooqdpooqNpooqdspooqprsNNpooqdspooqdpooqNpooqdspooqprsNNpooqdspooqdBpooqNpooqdspooqprsNNpooqdspooqdpooqNpooqdspooqprsNNpooqdspooqdpooqNpooqdspooqprsNNpooqdspooqdpooqNpooqdspooqprsNNpooqdspooqdpooqNpooqdspooqprsNNpooqdspooqdpooqNpooqdspooqprsNNpooqdspooqdpooqNpooqdspooqprsNNpooqdspooqdpooqNpooqdspooqprsNNpooqdspooqdpooqNpooqdspooqprsNNpooq,0,38,1000
39,rsNNpooqdspooqdpooqNpooqdspooqprsNNpooqdspooqdpooqNpooqdspooqprsNNpooqdspooqdpooqNpooqdspooqprsNNpooqdspooqdpooqNpooqdspooqprsNNpooqdspooqdpooqNpooqdspooqprsNNpooqdspooqdpooqNpooqdspooqprsNNpooqdspooqdpooqNpooqdspooqprsNNpooqdspooqdpooqNpooqdspooqprsNNpooqdspooqdpooqNpooqdspooqprsNNpooqdspooqdpooqNpooqdspooqprsNNpooqdspooqdpooqNpooqdspooqprsNNpooqdspooqdpooqNpooqdspooqprsNNpooqdspooqdpooqNpooqdspooqprsNNpooqdspooqdpooqNpooqdspooqprsNNpooqdspooqdpooqNpooqdspooqprsNNpooqdspooqdpooqNpooqdspooqprsNNpooqdspooqdpooqNpooqdspooqprsNNpooqdspooqdpooqNpooqdspooqprsNNpooqdspooqdpooqNpooqdspooqprsNNpooqdspooqdpooqNpooqdspooqprsNNpooqdspooqdpooqNpooqdspooqprsNNpooqdspooqdpooqNpooqdspooqprsNNpooqdspooqdpooqNpooqdspooqprsNNpooqdspooqdpooqNpooqdspooqprsNNpooqdspooqdpooqNpooqdspooqprsNNpooqdspooqdpooqNpooqdspooqprsNNpooqdspooqdpooqNpooqdspooqprsNNpooqdspooqdpooqNpooqdspooqprsNNpooqdspooqdpooqNpooqdspooqprsNNpooqdspooqdpooqNpooqdspooqprsNNpooqdspooqdpooqNpooqdspooqprsNNpooqdspooqdpooqNpooqdspooqCprsNNpoo,0,39,1000
40,LOUOprsNNpooqdspooqdNDijEsNilVxhtEEDVPBNDijEsNilVxhtEEEpooqNpooqdspooqpooqAFssNxIICEIIEsDEEEE,1,40,93
41,pooqprsNNpooqdspooqdNDijEsNilVxhtEEDVPBNDijEsNilVxhtEEEpooqNpooqdspooqpqNpooqEfsNNQQGEHIHDKESLDDPMBLsDBEssVPCprprsNNpooqdspooqdVPBpooqNpooqdspooqVPCprprsNNpooqdspooqdBpooqNpooqdspooqsNsssOprsNNpooqdspooqdNDijEsNilVxhtEEDVPBNDijEsNilVxhtEEEpooqNpooqdspooqprsNNpooqdspooqdNDijEsNilVxhtEEDVPBNDijEsNilVxhtEEEpooqNpooqdspooqOUprsNNpooqdspooqdNDijEsNilVxhtEEDVPBNDijEsNilVxhtEEEpooqNpooqdspooqCprprsNNpooqdspooqdBpooqNpooqdspooqprprsNNpooqdspooqdNDijEsNilVxhtEEDVPBNDijEsNilVxhtEEEpooqNpooqdspooqNDijEsNilVxhtEEDVPBELCprprsNNpooqdspooqdBpooqNpooqdspooqDKCprsNNpooqdspooqdBpooqNpooqdspooqprsNNpooqdspooqdpooqNpooqdspooqprsNNpooqdspooqdpooqNpooqdspooqprsNNpooqdspooqdpooqNpooqdspooqprsNNpooqdspooqdpooqNpooqdspooqprsNNpooqdspooqdpooqNpooqdspooqprsNNpooqdspooqdpooqNpooqdspooqprsNNpooqdspooqdpooqNpooqdspooqVPprsNNpooqdspooqdpooqNpooqdspooqprsNNpooqdspooqdpooqNpooqdspooqprsNNpooqdspooqdpooqNpooqdspooqprsNNpooqdspooqdpooqNpooqdspooqprsNNpooqdspooqdpooqNpooqdspooqprsNNpooqdspooqdpooqNpooqdspooqprsNNpooqdspo,0,41,1000
42,KsNsDBEssVPDPg-LEDVPBEDMBEODVPBEDVPBEprsNNpooqdspooqdNDijEsNilVxhtEEDVPBNDijEsNilVxhtEEEpooqNpooqdsp,1,42,100
43,AEEEEEEE,0,43,8
44,ssVVPDPg-LEDVPBEDMBEODVPBEDVPBENDijEsNilVxhtEEDVPBELDVPBprsNNpooqdspooqdNDijEsNilVxhtEEDVPBNDijEsNil,1,44,100
45,ooqdpooqNpooqdspooqprsNNpooqdspooqdpooqNpooqdspooqprsNNpooqdspooqdpooqNpooqdspooqprsNNpooqdspooqdpooqNpooqdspooqprsNNpooqdspooqdpooqNpooqdspooqprsNNpooqdspooqdBpooqNpooqdspooqprsNNpooqdspooqdpooqNpooqdspooqCprsNNpooqdspooqdpooqNpooqdspooqprsNNpooqdspooqdpooqNpooqdspooqprsNNpooqdspooqdpooqNpooqdspooqprsNNpooqdspooqdpooqNpooqdspooqprsNNpooqdspooqdpooqNpooqdspooqprsNNpooqdspooqdpooqNpooqdspooqprsNNpooqdspooqdpooqNpooqdspooqprsNNpooqdspooqdpooqNpooqdspooqprsNNpooqdspooqdpooqNpooqdspooqprsNNpooqdspooqdpooqNpooqdspooqprsNNpooqdspooqdpooqNpooqdspooqprsNNpooqdspooqdpooqNpooqdspooqprsNNpooqdspooqdpooqNpooqdspooqprsNNpooqdspooqdpooqNpooqdspooqprsNNpooqdspooqdpooqNpooqdspooqprsNNpooqdspooqdpooqNpooqdspooqprsNNpooqdspooqdpooqNpooqdspooqprsNNpooqdspooqdpooqNpooqdspooqprsNNpooqdspooqdpooqNpooqdspooqprsNNpooqdspooqdpooqNpooqdspooqprsNNpooqdspooqdpooqNpooqdspooqprsNNpooqdspooqdpooqNpooqdspooqprsNNpooqdspooqdpooqNpooqdspooqprsNNpooqdspooqdpooqNpooqdspooqprsNNpooqdspooqdpooqNpooqdspooqprsNNpooqdspooqdpo,0,45,1000
46,BELDVPBprsNNpooqdspooqdNDijEsNilVxhtEEDVPBNDijEsNilVxhtEEEpooqNpooqdspooqBEBEDKVPBVPBCEigsNxsNxDVPVC,1,46,100
47,qNpooqdspooqprsNNpooqdspooqdpooqNpooqdspooqprsNNpooqdspooqdpooqNpooqdspooqprsNNpooqdspooqdpooqNpooqdspooqprsNNpooqdspooqdpooqNpooqdspooqprsNNpooqdspooqdpooqNpooqdspooqprsNNpooqdspooqdBpooqNpooqdspooqprsNNpooqdspooqdpooqNpooqdspooqprsNNpooqdspooqdpooqNpooqdspooqprsNNpooqdspooqdpooqNpooqdspooqprsNNpooqdspooqdpooqNpooqdspooqprsNNpooqdspooqdpooqNpooqdspooqprsNNpooqdspooqdpooqNpooqdspooqprsNNpooqdspooqdpooqNpooqdspooqprsNNpooqdspooqdpooqNpooqdspooqprsNNpooqdspooqdpooqNpooqdspooqprsNNpooqdspooqdpooqNpooqdspooqprsNNpooqdspooqdpooqNpooqdspooqprsNNpooqdspooqdpooqNpooqdspooqprsNNpooqdspooqdpooqNpooqdspooqprsNNpooqdspooqdpooqNpooqdspooqprsNNpooqdspooqdpooqNpooqdspooqprsNNpooqdspooqdpooqNpooqdspooqprsNNpooqdspooqdpooqNpooqdspooqprsNNpooqdspooqdpooqNpooqdspooqprsNNpooqdspooqdpooqNpooqdspooqprsNNpooqdspooqdpooqNpooqdspooqprsNNpooqdspooqdpooqNpooqdspooqprsNNpooqdspooqdpooqNpooqdspooqprsNNpooqdspooqdpooqNpooqdspooqprsNNpooqdspooqdpooqNpooqdspooqprsNNpooqdspooqdpooqNpooqdspooqprsNNpooqdspooqdpooqNpooqd,0,47,1000
48,oqNDijEsNilVxhtEEDVPBELDVPBprsNNpooqdspooqdNDijEsNilVxhtEEDVPBNDijEsNilVxhtEEEpooqNpooqdspooqBEBEDKV,1,48,100
49,sNNpooqdspooqdpooqNpooqdspooqprsNNpooqdspooqdpooqNpooqdspooqprsNNpooqdspooqdpooqNpooqdspooqprsNNpooqdspooqdpooqNpooqdspooqprsNNpooqdspooqdpooqNpooqdspooqprsNNpooqdspooqdpooqNpooqdspooqprsNNpooqdspooqdpooqNpooqdspooqprsNNpooqdspooqdpooqNpooqdspooqprsNNpooqdspooqdpooqNpooqdspooqprsNNpooqdspooqdpooqNpooqdspooqprsNNpooqdspooqdpooqNpooqdspooqprsNNpooqdspooqdpooqNpooqdspooqprsNNpooqdspooqdpooqNpooqdspooqprsNNpooqdspooqdpooqNpooqdspooqprsNNpooqdspooqdpooqNpooqdspooqprsNNpooqdspooqdpooqNpooqdspooqprsNNpooqdspooqdpooqNpooqdspooqprsNNpooqdspooqdpooqNpooqdspooqprsNNpooqdspooqdpooqNpooqdspooqprsNNpooqdspooqdpooqNpooqdspooqprsNNpooqdspooqdpooqNpooqdspooqprsNNpooqdspooqdpooqNpooqdspooqprsNNpooqdspooqdpooqNpooqdspooqprsNNpooqdspooqdpooqNpooqdspooqprsNNpooqdspooqdpooqNpooqdspooqprsNNpooqdspooqdpooqNpooqdspooqprsNNpooqdspooqdpooqNpooqdspooqprsNNpooqdspooqdpooqNpooqdspooqprsNNpooqdspooqdpooqNpooqdspooqprsNNpooqdspooqdpooqNpooqdspooqprsNNpooqdspooqdpooqNpooqdspooqprsNNpooqdspooqdpooqNpooqdspooqprsNNpooqd,0,49,1000
50,DBaaDyaEOUDPaEDPa--EDBaaEEfEEEEEEEEEEEEEEEEEEEEEEEEEEEEEEEEEEEEEEEEEEEEEEEEEEEEEEEEEEEEEDYpooqpooqpooqpooqXNzezNDijEsNiNlVxfhtEEDVPBNDijEsNilVxhtEEEiVsDBEODVPBBJLDDPMBLsNNQQGEHIHDKsNsDBEssVVVPDPg-LEDVPBEDMBEDVPBEOODVPBEprsNNpooqdspooqdNDijEsNilVxhtEEDVPBNDijEsNilVxhtEEEpooqNpooqdspooqNDijEsNilVxhtEEDVPBELDKVPBVPBCBCBCBCBCBCBCEigsNxsNxDDVDMBMBMBEMBDKVPCEIwAsDEEEEEE,0,50,366
51,fEEEEEEEEEEEEEEEEEEEEEEEEEEEEEEEEEEEEEEEEEEEEEEEEEEEEEEEEEEEEEDYpooqpooqpooqpooqpooqpooqXNzezNDijEsN,1,51,100
52,LOLprsNNpooqdspooqdNDijEsNilVxhtEEDVPBNDijEsNilVxhtEEEpooqNpooqdspooqpooqAFssNxIICEIIEsDEEEE,1,52,92
53,pooqpooqpooqEDEESSprsNNpooqdspooqdNDijEsNilVxhtEEDVPBNDijEsNilVxhtEEEpooqNpooqdspooqTpooqZEfVPprsNNpooqdspooqdNDijEsNilVxhtEEDVPBNDijEsNilVxhtEEEpooqNpooqdspooqprsNNpooqdspooqdNDijEsNilVxhtEEDVPBNDijEsNilVxhtEEEpooqNpooqdspooqMVPBCCBCCBCCBCCBCCBCCBCBCEFFssNxIIEIIEsDEEEE,0,53,270
54,EEiVsDBEODVPBBJLDDPMBLsNNQQGEHIHDKsNsDBEssVVPDPg-LEDVPBEDMBEODVPBEDVPBENDijEsNilVxhtEEDVPBELDVPBprsN,1,54,100
55,PBVPBCEigsNxsNxDVPVCCsNxCNDijEsNilVxhtEELOLprsNNpooqdspooqdNDijEsNilVxhtEEDVPBNDijEsNilVxhtEEEpooqNp,1,55,100
56,pooqdpooqNpooqdspooqprsNNpooqdspooqdpooqNpooqdspooqprsNNpooqdspooqdpooqNpooqdspooqprsNNpooqdspooqdpooqNpooqdspooqprsNNpooqdspooqdpooqNpooqdspooqprsNNpooqdspooqdpooqNpooqdspooqprsNNpooqdspooqdpooqNpooqdspooqprsNNpooqdspooqdpooqNpooqdspooqprsNNpooqdspooqdBpooqNpooqdspooqprsNNpooqdspooqdpooqNpooqdspooqprsNNpooqdspooqdpooqNpooqdspooqprsNNpooqdspooqdpooqNpooqdspooqprsNNpooqdspooqdpooqNpooqdspooqprsNNpooqdspooqdpooqNpooqdspooqprsNNpooqdspooqdpooqNpooqdspooqprsNNpooqdspooqdpooqNpooqdspooqprsNNpooqdspooqdpooqNpooqdspooqprsNNpooqdspooqdpooqNpooqdspooqprsNNpooqdspooqdpooqNpooqdspooqprsNNpooqdspooqdpooqNpooqdspooqprsNNpooqdspooqdpooqNpooqdspooqprsNNpooqdspooqdpooqNpooqdspooqprsNNpooqdspooqdpooqNpooqdspooqprsNNpooqdspooqdpooqNpooqdspooqprsNNpooqdspooqdpooqNpooqdspooqprsNNpooqdspooqdpooqNpooqdspooqprsNNpooqdspooqdpooqNpooqdspooqprsNNpooqdspooqdpooqNpooqdspooqprsNNpooqdspooqdpooqNpooqdspooqprsNNpooqdspooqdpooqNpooqdspooqprsNNpooqdspooqdpooqNpooqdspooqprsNNpooqdspooqdpooqNpooqdspooqprsNNpooqdspooqdpo,0,56,1000
57,NpooqdspooqCprprsNNpooqdspooqdBpooqNpooqdspooqDKCprsNNpooqdspooqdBpooqNpooqdspooqprsNNpooqdspooqdpoo,1,57,100
58,AEEEEEEEAEEEEEEE,0,58,16
59,EEDYpooqpooqpooqpooqpooqpooqXNzezNDijEsNiNlVxfhtEEDVPBNDijEsNilVxhtEEEiVsDBEODVPBBJLDDPMBLsNNQQGEHIH,1,59,100
60,dspooqdpooqNpooqdspooqprsNNpooqdspooqdpooqNpooqdspooqprsNNpooqdspooqdpooqNpooqdspooqprsNNpooqdspooqdpooqNpooqdspooqprsNNpooqdspooqdpooqNpooqdspooqprsNNpooqdspooqdpooqNpooqdspooqprsNNpooqdspooqdpooqNpooqdspooqprsNNpooqdspooqdpooqNpooqdspooqprsNNpooqdspooqdpooqNpooqdspooqprsNNpooqdspooqdpooqNpooqdspooqprsNNpooqdspooqdpooqNpooqdspooqprsNNpooqdspooqdpooqNpooqdspooqprsNNpooqdspooqdpooqNpooqdspooqprsNNpooqdspooqdpooqNpooqdspooqprsNNpooqdspooqdpooqNpooqdspooqprsNNpooqdspooqdpooqNpooqdspooqprsNNpooqdspooqdpooqNpooqdspooqprsNNpooqdspooqdpooqNpooqdspooqprsNNpooqdspooqdpooqNpooqdspooqprsNNpooqdspooqdpooqNpooqdspooqprsNNpooqdspooqdpooqNpooqdspooqprsNNpooqdspooqdpooqNpooqdspooqprsNNpooqdspooqdpooqNpooqdspooqprsNNpooqdspooqdpooqNpooqdspooqprsNNpooqdspooqdpooqNpooqdspooqprsNNpooqdspooqdpooqNpooqdspooqprsNNpooqdspooqdpooqNpooqdspooqprsNNpooqdspooqdpooqNpooqdspooqprsNNpooqdspooqdpooqNpooqdspooqprsNNpooqdspooqdpooqNpooqdspooqprsNNpooqdspooqdpooqNpooqdspooqprsNNpooqdspooqdpooqNpooqdspooqprsNNpooqdspooqdp,0,60,1000
61,sCNQQGEHIHDKCsNxCCsNxDMVPprsNNpooqdspooqdNDijEsNilVxhtEEDVPBNDijEsNilVxhtEEEpooqNpooqdspooqMVPBBCCEI,1,61,100
62,spooqdBpooqNpooqdspooqprsNNpooqdspooqdpooqNpooqdspooqprsNNpooqdspooqdpooqNpooqdspooqprsNNpooqdspooqdpooqNpooqdspooqprsNNpooqdspooqdpooqNpooqdspooqprsNNpooqdspooqdpooqNpooqdspooqprsNNpooqdspooqdpooqNpooqdspooqprsNNpooqdspooqdpooqNpooqdspooqprsNNpooqdspooqdpooqNpooqdspooqprsNNpooqdspooqdpooqNpooqdspooqprsNNpooqdspooqdpooqNpooqdspooqprsNNpooqdspooqdpooqNpooqdspooqprsNNpooqdspooqdpooqNpooqdspooqprsNNpooqdspooqdpooqNpooqdspooqprsNNpooqdspooqdpooqNpooqdspooqprsNNpooqdspooqdpooqNpooqdspooqprsNNpooqdspooqdpooqNpooqdspooqprsNNpooqdspooqdpooqNpooqdspooqprsNNpooqdspooqdpooqNpooqdspooqprsNNpooqdspooqdpooqNpooqdspooqprsNNpooqdspooqdpooqNpooqdspooqprsNNpooqdspooqdpooqNpooqdspooqprsNNpooqdspooqdpooqNpooqdspooqprsNNpooqdspooqdpooqNpooqdspooqprsNNpooqdspooqdpooqNpooqdspooqprsNNpooqdspooqdpooqNpooqdspooqprsNNpooqdspooqdpooqNpooqdspooqprsNNpooqdspooqdpooqNpooqdspooqprsNNpooqdspooqdpooqNpooqdspooqprsNNpooqdspooqdpooqNpooqdspooqprsNNpooqdspooqdpooqNpooqdspooqprsNNpooqdspooqdpooqNpooqdspooqprsNNpooqdspooqdp,0,62,1000
63,dspooqdpooqNpooqdspooqprsNNpooqdspooqdpooqNpooqdspooqprsNNpooqdspooqdpooqNpooqdspooqprsNNpooqdspooqdpooqNpooqdspooqprsNNpooqdspooqdpooqNpooqdspooqprsNNpooqdspooqdpooqNpooqdspooqprsNNpooqdspooqdpooqNpooqdspooqprsNNpooqdspooqdpooqNpooqdspooqprsNNpooqdspooqdpooqNpooqdspooqprsNNpooqdspooqdpooqNpooqdspooqprsNNpooqdspooqdpooqNpooqdspooqprsNNpooqdspooqdpooqNpooqdspooqprsNNpooqdspooqdpooqNpooqdspooqprsNNpooqdspooqdpooqNpooqdspooqprsNNpooqdspooqdpooqNpooqdspooqprsNNpooqdspooqdpooqNpooqdspooqprsNNpooqdspooqdpooqNpooqdspooqprsNNpooqdspooqdpooqNpooqdspooqprsNNpooqdspooqdpooqNpooqdspooqprsNNpooqdspooqdBpooqNpooqdspooqprsNNpooqdspooqdpooqNpooqdspooqprsNNpooqdspooqdpooqNpooqdspooqprsNNpooqdspooqdpooqNpooqdspooqprsNNpooqdspooqdpooqNpooqdspooqprsNNpooqdspooqdpooqNpooqdspooqprsNNpooqdspooqdpooqNpooqdspooqprsNNpooqdspooqdpooqNpooqdspooqprsNNpooqdspooqdpooqNpooqdspooqprsNNpooqdspooqdpooqNpooqdspooqprsNNpooqdspooqdpooqNpooqdspooqprsNNpooqdspooqdpooqNpooqdspooqprsNNpooqdspooqdpooqNpooqdspooqprsNNpooqdspooqd,0,63,1000
64,oqNpooqdspooqprsNNpooqdspooqdpooqNpooqdspooqprsNNpooqdspooqdpooqNpooqdspooqprsNNpooqdspooqdpooqNpooqdspooqprsNNpooqdspooqdpooqNpooqdspooqprsNNpooqdspooqdpooqNpooqdspooqprsNNpooqdspooqdpooqNpooqdspooqCprsNNpooqdspooqdpooqNpooqdspooqprsNNpooqdspooqdpooqNpooqdspooqprsNNpooqdspooqdpooqNpooqdspooqprsNNpooqdspooqdpooqNpooqdspooqprsNNpooqdspooqdpooqNpooqdspooqprsNNpooqdspooqdpooqNpooqdspooqprsNNpooqdspooqdpooqNpooqdspooqprsNNpooqdspooqdpooqNpooqdspooqprsNNpooqdspooqdpooqNpooqdspooqprsNNpooqdspooqdpooqNpooqdspooqprsNNpooqdspooqdpooqNpooqdspooqprsNNpooqdspooqdpooqNpooqdspooqprsNNpooqdspooqdpooqNpooqdspooqprsNNpooqdspooqdpooqNpooqdspooqprsNNpooqdspooqdpooqNpooqdspooqprsNNpooqdspooqdpooqNpooqdspooqprsNNpooqdspooqdpooqNpooqdspooqprsNNpooqdspooqdpooqNpooqdspooqprsNNpooqdspooqdpooqNpooqdspooqprsNNpooqdspooqdpooqNpooqdspooqprsNNpooqdspooqdpooqNpooqdspooqprsNNpooqdspooqdpooqNpooqdspooqprsNNpooqdspooqdpooqNpooqdspooqprsNNpooqdspooqdpooqNpooqdspooqprsNNpooqdspooqdpooqNpooqdspooqprsNNpooqdspooqdpooqNpooq,0,64,1000
65,rsNNpooqdspooqdpooqNpooqdspooqprsNNpooqdspooqdpooqNpooqdspooqprsNNpooqdspooqdpooqNpooqdspooqprsNNpooqdspooqdpooqNpooqdspooqprsNNpooqdspooqdpooqNpooqdspooqprsNNpooqdspooqdpooqNpooqdspooqprsNNpooqdspooqdpooqNpooqdspooqprsNNpooqdspooqdpooqNpooqdspooqprsNNpooqdspooqdpooqNpooqdspooqprsNNpooqdspooqdpooqNpooqdspooqprsNNpooqdspooqdpooqNpooqdspooqprsNNpooqdspooqdpooqNpooqdspooqprsNNpooqdspooqdpooqNpooqdspooqprsNNpooqdspooqdpooqNpooqdspooqprsNNpooqdspooqdpooqNpooqdspooqprsNNpooqdspooqdpooqNpooqdspooqprsNNpooqdspooqdpooqNpooqdspooqprsNNpooqdspooqdpooqNpooqdspooqprsNNpooqdspooqdpooqNpooqdspooqprsNNpooqdspooqdpooqNpooqdspooqprsNNpooqdspooqdpooqNpooqdspooqprsNNpooqdspooqdpooqNpooqdspooqprsNNpooqdspooqdpooqNpooqdspooqprsNNpooqdspooqdpooqNpooqdspooqprsNNpooqdspooqdpooqNpooqdspooqprsNNpooqdspooqdpooqNpooqdspooqprsNNpooqdspooqdpooqNpooqdspooqprsNNpooqdspooqdpooqNpooqdspooqprsNNpooqdspooqdpooqNpooqdspooqprsNNpooqdspooqdpooqNpooqdspooqprsNNpooqdspooqdpooqNpooqdspooqprsNNpooqdspooqdpooqNpooqdspooqprsNNpooq,0,65,1000
66,EEDYpooqpooqpooqpooqpooqpooqXNzezNDijEsNiNlVxfhtEEDVPBNDijEsNilVxhtEEEiVsDBEDVPBBJsAEEEE,1,66,88
67,NilVxhtEEEiVsDBEODVPBBJLDDPMBLsNNQQGEHIHDKsNsDBEssVVPDPg-LEDVPBEDMBEDVPBEOVPVCigsNxCsNxCsNxOUCsNxCDK,1,67,100
68,oqNpooqdspooqprsNNpooqdspooqdpooqNpooqdspooqprsNNpooqdspooqdBpooqNpooqdspooqCEsNxsNxDCprsNNpooqdspoo,1,68,100
69,oqprsNNpooqdspooqdpooqNpooqdspooqprsNNpooqdspooqdpooqNpooqdspooqprsNNpooqdspooqdBpooqNpooqdspooqCEsN,1,69,100
70,sNNpooqdspooqdpooqNpooqdspooqprsNNpooqdspooqdpooqNpooqdspooqprsNNpooqdspooqdpooqNpooqdspooqprsNNpooqdspooqdpooqNpooqdspooqprsNNpooqdspooqdpooqNpooqdspooqprsNNpooqdspooqdpooqNpooqdspooqprsNNpooqdspooqdpooqNpooqdspooqprsNNpooqdspooqdpooqNpooqdspooqprsNNpooqdspooqdpooqNpooqdspooqprsNNpooqdspooqdpooqNpooqdspooqprsNNpooqdspooqdpooqNpooqdspooqprsNNpooqdspooqdpooqNpooqdspooqprsNNpooqdspooqdpooqNpooqdspooqprsNNpooqdspooqdpooqNpooqdspooqprsNNpooqdspooqdpooqNpooqdspooqprsNNpooqdspooqdpooqNpooqdspooqprsNNpooqdspooqdpooqNpooqdspooqprsNNpooqdspooqdpooqNpooqdspooqprsNNpooqdspooqdpooqNpooqdspooqprsNNpooqdspooqdpooqNpooqdspooqprsNNpooqdspooqdpooqNpooqdspooqprsNNpooqdspooqdpooqNpooqdspooqprsNNpooqdspooqdpooqNpooqdspooqprsNNpooqdspooqdpooqNpooqdspooqprsNNpooqdspooqdpooqNpooqdspooqprsNNpooqdspooqdpooqNpooqdspooqprsNNpooqdspooqdpooqNpooqdspooqprsNNpooqdspooqdpooqNpooqdspooqprsNNpooqdspooqdpooqNpooqdspooqprsNNpooqdspooqdpooqNpooqdspooqprsNNpooqdspooqdpooqNpooqdspooqprsNNpooqdspooqdpooqNpooqdspooqprsNNpooqd,0,70,1000
71,oqNpooqdspooqprsNNpooqdspooqdpooqNpooqdspooqprsNNpooqdspooqdpooqNpooqdspooqprsNNpooqdspooqdpooqNpooqdspooqprsNNpooqdspooqdpooqNpooqdspooqprsNNpooqdspooqdpooqNpooqdspooqprsNNpooqdspooqdpooqNpooqdspooqprsNNpooqdspooqdpooqNpooqdspooqprsNNpooqdspooqdpooqNpooqdspooqprsNNpooqdspooqdpooqNpooqdspooqprsNNpooqdspooqdpooqNpooqdspooqprsNNpooqdspooqdpooqNpooqdspooqprsNNpooqdspooqdpooqNpooqdspooqprsNNpooqdspooqdpooqNpooqdspooqprsNNpooqdspooqdpooqNpooqdspooqprsNNpooqdspooqdpooqNpooqdspooqprsNNpooqdspooqdpooqNpooqdspooqprsNNpooqdspooqdpooqNpooqdspooqprsNNpooqdspooqdpooqNpooqdspooqprsNNpooqdspooqdpooqNpooqdspooqprsNNpooqdspooqdpooqNpooqdspooqprsNNpooqdspooqdpooqNpooqdspooqprsNNpooqdspooqdpooqNpooqdspooqprsNNpooqdspooqdpooqNpooqdspooqprsNNpooqdspooqdpooqNpooqdspooqprsNNpooqdspooqdpooqNpooqdspooqprsNNpooqdspooqdpooqNpooqdspooqprsNNpooqdspooqdpooqNpooqdspooqprsNNpooqdspooqdpooqNpooqdspooqprsNNpooqdspooqdpooqNpooqdspooqprsNNpooqdspooqdpooqNpooqdspooqprsNNpooqdspooqdpooqNpooqdspooqprsNNpooqdspooqdpooqNpooqd,0,71,1000
72,pooqpooqpooqEDEESSprsNNpooqdspooqdNDijEsNilVxhtEEDVPBNDijEsNilVxhtEEEpooqNpooqdspooqTpooqZEVPprsNNpooqdspooqdNDijEsNilVxhtEEDVPBNDijEsNilVxhtEEEpooqNpooqdspooqprsNNpooqdspooqdNDijEsNilVxhtEEDVPBNDijEsNilVxhtEEEpooqNpooqdspooqMVPBCCBCCBCCBCCBCCBCCBCBCEFFssNxIIEIIEsDEEEEE,0,72,270
73,DVPBEODVPBENDijEsNilVxhtEEDVPBELDVPBprsNNpooqdspooqdNDijEsNilVxhtEEDVPBNDijEsNilVxhtEEEpooqNpooqdspo,1,73,100
74,pooqdspooqdpooqNpooqdspooqprsNNpooqdspooqdpooqNpooqdspooqprsNNpooqdspooqdpooqNpooqdspooqprsNNpooqdspooqdpooqNpooqdspooqprsNNpooqdspooqdpooqNpooqdspooqprsNNpooqdspooqdpooqNpooqdspooqprsNNpooqdspooqdpooqNpooqdspooqprsNNpooqdspooqdpooqNpooqdspooqprsNNpooqdspooqdpooqNpooqdspooqprsNNpooqdspooqdpooqNpooqdspooqprsNNpooqdspooqdpooqNpooqdspooqprsNNpooqdspooqdpooqNpooqdspooqprsNNpooqdspooqdpooqNpooqdspooqprsNNpooqdspooqdpooqNpooqdspooqprsNNpooqdspooqdpooqNpooqdspooqprsNNpooqdspooqdpooqNpooqdspooqprsNNpooqdspooqdpooqNpooqdspooqprsNNpooqdspooqdpooqNpooqdspooqprsNNpooqdspooqdpooqNpooqdspooqprsNNpooqdspooqdpooqNpooqdspooqprsNNpooqdspooqdpooqNpooqdspooqprsNNpooqdspooqdpooqNpooqdspooqprsNNpooqdspooqdpooqNpooqdspooqprsNNpooqdspooqdpooqNpooqdspooqprsNNpooqdspooqdpooqNpooqdspooqprsNNpooqdspooqdpooqNpooqdspooqprsNNpooqdspooqdpooqNpooqdspooqprsNNpooqdspooqdpooqNpooqdspooqprsNNpooqdspooqdpooqNpooqdspooqprsNNpooqdspooqdpooqNpooqdspooqprsNNpooqdspooqdpooqNpooqdspooqprsNNpooqdspooqdpooqNpooqdspooqprsNNpooqdspo,0,74,1000
75,DBaaDyaEOUDPaEDPa--EDBaaEEfEEEEEEEEEEEEEEEEEEEEEEEEEEEEEEEEEEEEEEEEEEEEEEEEEEEEEEEEEEEEEDYpooqpooqpooqpooqXNzezNDijEsNiNlVxfhtEEDVPBNDijEsNilVxhtEEEiVsDBEODVPBBJLDDPMBLsNNQQGEHIHDKsNsDBEssVVVPDPg-LEDVPBEDMBEDVPBEOODVPBEprsNNpooqdspooqdNDijEsNilVxhtEEDVPBNDijEsNillVxhtEEEpooqNpooqdspooqNDijEsNilVxhtEEDVPBELDKVPBVPBCBCBCBCBCBCBCBCBCBCEigsNxsNxDDVDMBMBMBEMBDKVPCEIwAsDEEEEEE,0,75,373
76,pooqdpooqNpooqdspooqprsNNpooqdspooqdpooqNpooqdspooqprsNNpooqdspooqdpooqNpooqdspooqprsNNpooqdspooqdpooqNpooqdspooqprsNNpooqdspooqdpooqNpooqdspooqprsNNpooqdspooqdpooqNpooqdspooqprsNNpooqdspooqdpooqNpooqdspooqprsNNpooqdspooqdpooqNpooqdspooqprsNNpooqdspooqdBpooqNpooqdspooqprsNNpooqdspooqdpooqNpooqdspooqprsNNpooqdspooqdpooqNpooqdspooqprsNNpooqdspooqdpooqNpooqdspooqprsNNpooqdspooqdpooqNpooqdspooqprsNNpooqdspooqdpooqNpooqdspooqprsNNpooqdspooqdpooqNpooqdspooqprsNNpooqdspooqdpooqNpooqdspooqprsNNpooqdspooqdpooqNpooqdspooqprsNNpooqdspooqdpooqNpooqdspooqprsNNpooqdspooqdpooqNpooqdspooqprsNNpooqdspooqdpooqNpooqdspooqprsNNpooqdspooqdpooqNpooqdspooqprsNNpooqdspooqdpooqNpooqdspooqprsNNpooqdspooqdpooqNpooqdspooqprsNNpooqdspooqdpooqNpooqdspooqprsNNpooqdspooqdpooqNpooqdspooqprsNNpooqdspooqdpooqNpooqdspooqprsNNpooqdspooqdpooqNpooqdspooqprsNNpooqdspooqdpooqNpooqdspooqprsNNpooqdspooqdpooqNpooqdspooqprsNNpooqdspooqdpooqNpooqdspooqprsNNpooqdspooqdpooqNpooqdspooqprsNNpooqdspooqdpooqNpooqdspooqprsNNpooqdspooqdpo,0,76,1000
77,AEEEEEEAEEEEEE,0,77,14
78,AEEEEEE,0,78,7
79,VPBVPBCEsNxsNxDCCsNxsCNQQGEHIHDKCsNxCCsNxDMVPprsNNpooqdspooqdNDijEsNilVxhtEEDVPBNDijEsNilVxhtEEEpooq,1,79,100
80,VPBEDMBEDVPBEOVPVCigsNxCsNxCsNxOUCsNxCDKVPBVPBCEsNxsNxDCCsNxsCNQQGEHIHDKCsNxCCsNxDMVPprsNNpooqdspooq,1,80,100
81,dspooqprsNNpooqdspooqdpooqNpooqdspooqprsNNpooqdspooqdpooqNpooqdspooqprsNNpooqdspooqdpooqNpooqdspooqprsNNpooqdspooqdpooqNpooqdspooqprsNNpooqdspooqdpooqNpooqdspooqprsNNpooqdspooqdpooqNpooqdspooqprsNNpooqdspooqdpooqNpooqdspooqprsNNpooqdspooqdpooqNpooqdspooqprsNNpooqdspooqdpooqNpooqdspooqprsNNpooqdspooqdpooqNpooqdspooqprsNNpooqdspooqdpooqNpooqdspooqprsNNpooqdspooqdpooqNpooqdspooqprsNNpooqdspooqdpooqNpooqdspooqprsNNpooqdspooqdpooqNpooqdspooqprsNNpooqdspooqdpooqNpooqdspooqprsNNpooqdspooqdpooqNpooqdspooqprsNNpooqdspooqdpooqNpooqdspooqprsNNpooqdspooqdpooqNpooqdspooqprsNNpooqdspooqdpooqNpooqdspooqprsNNpooqdspooqdpooqNpooqdspooqprsNNpooqdspooqdpooqNpooqdspooqprsNNpooqdspooqdpooqNpooqdspooqprsNNpooqdspooqdpooqNpooqdspooqprsNNpooqdspooqdpooqNpooqdspooqprsNNpooqdspooqdpooqNpooqdspooqprsNNpooqdspooqdpooqNpooqdspooqprsNNpooqdspooqdpooqNpooqdspooqprsNNpooqdspooqdpooqNpooqdspooqprsNNpooqdspooqdpooqNpooqdspooqprsNNpooqdspooqdpooqNpooqdspooqprsNNpooqdspooqdpooqNpooqdspooqprsNNpooqdspooqdpooqNpooqdspooqpr,0,81,1000
82,BBJLDDPMBLsNNQQGEHIHDKsNsDBEssVVPDPg-LEDVPBEDMBEDVPBEOVPVCigsNxCsNxCsNxOUCsNxCDKVPBVPBCEsNxsNxDCCsNx,1,82,100
83,pooqNpooqdspooqprsNNpooqdspooqdpooqNpooqdspooqprsNNpooqdspooqdpooqNpooqdspooqprsNNpooqdspooqdpooqNpooqdspooqprsNNpooqdspooqdpooqNpooqdspooqprsNNpooqdspooqdpooqNpooqdspooqprsNNpooqdspooqdpooqNpooqdspooqprsNNpooqdspooqdpooqNpooqdspooqprsNNpooqdspooqdpooqNpooqdspooqprsNNpooqdspooqdpooqNpooqdspooqprsNNpooqdspooqdpooqNpooqdspooqprsNNpooqdspooqdpooqNpooqdspooqprsNNpooqdspooqdpooqNpooqdspooqprsNNpooqdspooqdpooqNpooqdspooqprsNNpooqdspooqdpooqNpooqdspooqprsNNpooqdspooqdpooqNpooqdspooqprsNNpooqdspooqdpooqNpooqdspooqprsNNpooqdspooqdpooqNpooqdspooqprsNNpooqdspooqdpooqNpooqdspooqprsNNpooqdspooqdpooqNpooqdspooqprsNNpooqdspooqdpooqNpooqdspooqprsNNpooqdspooqdpooqNpooqdspooqprsNNpooqdspooqdpooqNpooqdspooqprsNNpooqdspooqdpooqNpooqdspooqprsNNpooqdspooqdpooqNpooqdspooqprsNNpooqdspooqdpooqNpooqdspooqprsNNpooqdspooqdpooqNpooqdspooqprsNNpooqdspooqdpooqNpooqdspooqprsNNpooqdspooqdpooqNpooqdspooqprsNNpooqdspooqdpooqNpooqdspooqprsNNpooqdspooqdpooqNpooqdspooqprsNNpooqdspooqdpooqNpooqdspooqprsNNpooqdspooqdpooqNpoo,0,83,1000
84,EEEEEEEEEEEEEEEEEEEEEEEEEEEEEEEEEEEEEEEEEEDYpooqpooqpooqpooqpooqpooqXNzezNDijEsNiNlVxfhtEEDVPBNDijEs,1,84,100
85,oqdpooqNpooqdspooqprsNNpooqdspooqdpooqNpooqdspooqprsNNpooqdspooqdpooqNpooqdspooqprsNNpooqdspooqdpooqNpooqdspooqprsNNpooqdspooqdpooqNpooqdspooqprsNNpooqdspooqdpooqNpooqdspooqprsNNpooqdspooqdpooqNpooqdspooqprsNNpooqdspooqdpooqNpooqdspooqprsNNpooqdspooqdpooqNpooqdspooqprsNNpooqdspooqdpooqNpooqdspooqprsNNpooqdspooqdpooqNpooqdspooqprsNNpooqdspooqdpooqNpooqdspooqprsNNpooqdspooqdpooqNpooqdspooqprsNNpooqdspooqdpooqNpooqdspooqprsNNpooqdspooqdpooqNpooqdspooqprsNNpooqdspooqdpooqNpooqdspooqprsNNpooqdspooqdpooqNpooqdspooqprsNNpooqdspooqdpooqNpooqdspooqprsNNpooqdspooqdpooqNpooqdspooqprsNNpooqdspooqdpooqNpooqdspooqprsNNpooqdspooqdpooqNpooqdspooqprsNNpooqdspooqdpooqNpooqdspooqprsNNpooqdspooqdpooqNpooqdspooqprsNNpooqdspooqdpooqNpooqdspooqprsNNpooqdspooqdpooqNpooqdspooqprsNNpooqdspooqdpooqNpooqdspooqprsNNpooqdspooqdpooqNpooqdspooqprsNNpooqdspooqdpooqNpooqdspooqprsNNpooqdspooqdpooqNpooqdspooqprsNNpooqdspooqdpooqNpooqdspooqprsNNpooqdspooqdpooqNpooqdspooqprsNNpooqdspooqdpooqNpooqdspooqprsNNpooqdspooqdpooqN,0,85,1000
86,PBNDijEsNilVxhtEEEpooqNpooqdspooqBEBEDKVPBVPBCEigsNxsNxDVPVCCsNxCNDijEsNilVxhtEELOLprsNNpooqdspooqdN,1,86,100
87,EEDYpooqpooqpooqpooqpooqpooqXNzezNDijEsNiNlVxfhtEEDVPBNDijEsNilVxhtEEEiVsDBEODVPBBJLDDPMBLsNNQQGEHIH,1,87,100
88,oqdspooqprsNNpooqdspooqdpooqNpooqdspooqprsNNpooqdspooqdpooqNpooqdspooqprsNNpooqdspooqdpooqNpooqdspooqprsNNpooqdspooqdpooqNpooqdspooqprsNNpooqdspooqdpooqNpooqdspooqprsNNpooqdspooqdpooqNpooqdspooqprsNNpooqdspooqdpooqNpooqdspooqprsNNpooqdspooqdpooqNpooqdspooqprsNNpooqdspooqdpooqNpooqdspooqprsNNpooqdspooqdpooqNpooqdspooqprsNNpooqdspooqdpooqNpooqdspooqprsNNpooqdspooqdpooqNpooqdspooqprsNNpooqdspooqdpooqNpooqdspooqprsNNpooqdspooqdpooqNpooqdspooqprsNNpooqdspooqdpooqNpooqdspooqprsNNpooqdspooqdpooqNpooqdspooqprsNNpooqdspooqdpooqNpooqdspooqprsNNpooqdspooqdpooqNpooqdspooqprsNNpooqdspooqdpooqNpooqdspooqprsNNpooqdspooqdpooqNpooqdspooqprsNNpooqdspooqdpooqNpooqdspooqprsNNpooqdspooqdpooqNpooqdspooqprsNNpooqdspooqdpooqNpooqdspooqprsNNpooqdspooqdpooqNpooqdspooqprsNNpooqdspooqdpooqNpooqdspooqprsNNpooqdspooqdpooqNpooqdspooqprsNNpooqdspooqdpooqNpooqdspooqprsNNpooqdspooqdpooqNpooqdspooqprsNNpooqdspooqdpooqNpooqdspooqprsNNpooqdspooqdpooqNpooqdspooqprsNNpooqdspooqdpooqNpooqdspooqprsNNpooqdspooqdpooqNpooqdspooq,0,88,1000
89,spooqprsNNpooqdspooqdpooqNpooqdspooqprsNNpooqdspooqdpooqNpooqdspooqprsNNpooqdspooqdpooqNpooqdspooqprsNNpooqdspooqdpooqNpooqdspooqprsNNpooqdspooqdpooqNpooqdspooqprsNNpooqdspooqdpooqNpooqdspooqprsNNpooqdspooqdpooqNpooqdspooqprsNNpooqdspooqdpooqNpooqdspooqprsNNpooqdspooqdpooqNpooqdspooqprsNNpooqdspooqdpooqNpooqdspooqprsNNpooqdspooqdpooqNpooqdspooqprsNNpooqdspooqdpooqNpooqdspooqprsNNpooqdspooqdpooqNpooqdspooqprsNNpooqdspooqdpooqNpooqdspooqprsNNpooqdspooqdpooqNpooqdspooqprsNNpooqdspooqdpooqNpooqdspooqprsNNpooqdspooqdpooqNpooqdspooqprsNNpooqdspooqdpooqNpooqdspooqprsNNpooqdspooqdpooqNpooqdspooqprsNNpooqdspooqdpooqNpooqdspooqprsNNpooqdspooqdBpooqNpooqdspooqprsNNpooqdspooqdpooqNpooqdspooqprsNNpooqdspooqdpooqNpooqdspooqprsNNpooqdspooqdpooqNpooqdspooqprsNNpooqdspooqdpooqNpooqdspooqprsNNpooqdspooqdpooqNpooqdspooqprsNNpooqdspooqdpooqNpooqdspooqprsNNpooqdspooqdpooqNpooqdspooqprsNNpooqdspooqdpooqNpooqdspooqprsNNpooqdspooqdpooqNpooqdspooqprsNNpooqdspooqdpooqNpooqdspooqprsNNpooqdspooqdpooqNpooqdspooqpr,0,89,1000
90,EEDVPBNDijEsNilVxhtEEEiVsDBEODVPBBJLDDPMBLsNNQQGEHIHDKsNsDBEssVVPDPg-LEDVPBEDMBEODVPBEDVPBENDijEsNil,1,90,100
91,EEEEEEEEEEEEEEEEEEEEEEDYpooqpooqpooqpooqpooqpooqXNzezNDijEsNiNlVxfhtEEDVPBNDijEsNilVxhtEEEiVsDBEODVP,1,91,100
92,AEEEEEE,0,92,7
93,xDMVPprsNNpooqdspooqdNDijEsNilVxhtEEDVPBNDijEsNilVxhtEEEpooqNpooqdspooqMVPBBCCEIICEIIEsDEEEEE,1,93,93
94,oqNDijEsNilVxhtEEDVPBELDVPBprsNNpooqdspooqdNDijEsNilVxhtEEDVPBNDijEsNilVxhtEEEpooqNpooqdspooqBEBEDKV,1,94,100
95,iNlVxfhtEEDVPBNDijEsNilVxhtEEEiVsDBEDVPBBJLDDPMBLsNNQQGEHIHDKsNsDBEssVPDPg-LEDVPBEDMBEODVPBEDVPBEprs,1,95,100
96,xDMVPprsNNpooqdspooqdNDijEsNilVxhtEEDVPBNDijEsNilVxhtEEEpooqNpooqdspooqMVPBBCCEIICEIIEsDEEEEE,1,96,93
97,oqdpooqNpooqdspooqprsNNpooqdspooqdpooqNpooqdspooqprsNNpooqdspooqdpooqNpooqdspooqprsNNpooqdspooqdpooqNpooqdspooqprsNNpooqdspooqdpooqNpooqdspooqprsNNpooqdspooqdpooqNpooqdspooqprsNNpooqdspooqdpooqNpooqdspooqprsNNpooqdspooqdpooqNpooqdspooqprsNNpooqdspooqdpooqNpooqdspooqprsNNpooqdspooqdpooqNpooqdspooqprsNNpooqdspooqdpooqNpooqdspooqprsNNpooqdspooqdpooqNpooqdspooqprsNNpooqdspooqdpooqNpooqdspooqprsNNpooqdspooqdpooqNpooqdspooqprsNNpooqdspooqdpooqNpooqdspooqprsNNpooqdspooqdpooqNpooqdspooqprsNNpooqdspooqdpooqNpooqdspooqprsNNpooqdspooqdpooqNpooqdspooqprsNNpooqdspooqdpooqNpooqdspooqprsNNpooqdspooqdpooqNpooqdspooqprsNNpooqdspooqdpooqNpooqdspooqprsNNpooqdspooqdpooqNpooqdspooqprsNNpooqdspooqdpooqNpooqdspooqprsNNpooqdspooqdpooqNpooqdspooqprsNNpooqdspooqdpooqNpooqdspooqprsNNpooqdspooqdpooqNpooqdspooqprsNNpooqdspooqdpooqNpooqdspooqprsNNpooqdspooqdpooqNpooqdspooqprsNNpooqdspooqdpooqNpooqdspooqprsNNpooqdspooqdpooqNpooqdspooqprsNNpooqdspooqdpooqNpooqdspooqprsNNpooqdspooqdpooqNpooqdspooqprsNNpooqdspooqdpooqN,0,97,1000
98,pooqdspooqdpooqNpooqdspooqprsNNpooqdspooqdpooqNpooqdspooqprsNNpooqdspooqdpooqNpooqdspooqprsNNpooqdspooqdpooqNpooqdspooqprsNNpooqdspooqdpooqNpooqdspooqprsNNpooqdspooqdpooqNpooqdspooqprsNNpooqdspooqdpooqNpooqdspooqprsNNpooqdspooqdpooqNpooqdspooqprsNNpooqdspooqdpooqNpooqdspooqprsNNpooqdspooqdpooqNpooqdspooqprsNNpooqdspooqdpooqNpooqdspooqprsNNpooqdspooqdpooqNpooqdspooqprsNNpooqdspooqdpooqNpooqdspooqprsNNpooqdspooqdBpooqNpooqdspooqprsNNpooqdspooqdpooqNpooqdspooqprsNNpooqdspooqdpooqNpooqdspooqprsNNpooqdspooqdpooqNpooqdspooqprsNNpooqdspooqdpooqNpooqdspooqprsNNpooqdspooqdpooqNpooqdspooqprsNNpooqdspooqdpooqNpooqdspooqprsNNpooqdspooqdpooqNpooqdspooqprsNNpooqdspooqdpooqNpooqdspooqprsNNpooqdspooqdpooqNpooqdspooqprsNNpooqdspooqdpooqNpooqdspooqprsNNpooqdspooqdpooqNpooqdspooqprsNNpooqdspooqdpooqNpooqdspooqCprsNNpooqdspooqdpooqNpooqdspooqprsNNpooqdspooqdpooqNpooqdspooqprsNNpooqdspooqdpooqNpooqdspooqprsNNpooqdspooqdpooqNpooqdspooqprsNNpooqdspooqdpooqNpooqdspooqprsNNpooqdspooqdpooqNpooqdspooqprsNNpooqds,0,98,1000
